,Pocket Cards,Frequency with 2players,Frequency with 3players,Frequency with 4players,Frequency with 5players,Frequency with 6players,Frequency with 7players,Frequency with 8players,Frequency with 9players,Pair,Suited,Connected
0,2H/2D,13,24,36,43,61,54,55,57,True,False,False
1,2H/2S,12,16,33,33,44,43,59,71,True,False,False
2,2H/2C,9,20,35,44,35,54,57,68,True,False,False
3,2H/3H,13,25,33,48,53,64,56,67,False,True,True
4,2H/3D,14,22,35,49,53,56,58,54,False,False,True
5,2H/3S,12,19,31,32,41,61,64,63,False,False,True
6,2H/3C,20,20,25,41,50,62,64,73,False,False,True
7,2H/4H,18,29,28,44,62,47,61,82,False,True,False
8,2H/4D,15,24,27,53,44,63,58,73,False,False,False
9,2H/4S,11,35,25,37,51,52,64,74,False,False,False
10,2H/4C,12,27,32,42,44,37,65,80,False,False,False
11,2H/5H,18,23,26,39,45,52,52,83,False,True,False
12,2H/5D,17,22,23,34,50,46,61,57,False,False,False
13,2H/5S,18,25,23,42,44,58,53,70,False,False,False
14,2H/5C,21,25,30,42,44,60,69,64,False,False,False
15,2H/6H,14,15,26,38,42,53,61,68,False,True,False
16,2H/6D,10,17,23,38,47,56,59,71,False,False,False
17,2H/6S,11,15,22,41,42,58,61,74,False,False,False
18,2H/6C,22,30,35,38,44,52,76,70,False,False,False
19,2H/7H,16,24,25,35,54,45,45,66,False,True,False
20,2H/7D,16,20,27,43,47,58,63,74,False,False,False
21,2H/7S,6,14,24,29,49,60,72,61,False,False,False
22,2H/7C,14,16,25,35,51,47,62,68,False,False,False
23,2H/8H,9,28,31,32,40,52,67,72,False,True,False
24,2H/8D,7,16,34,42,33,52,50,61,False,False,False
25,2H/8S,15,26,26,39,67,60,48,65,False,False,False
26,2H/8C,15,27,29,38,51,47,52,62,False,False,False
27,2H/9H,17,19,31,40,51,54,59,71,False,True,False
28,2H/9D,24,21,30,50,34,49,67,62,False,False,False
29,2H/9S,9,24,31,44,47,46,50,71,False,False,False
30,2H/9C,17,27,31,41,45,60,74,72,False,False,False
31,2H/10H,17,25,31,40,45,37,66,56,False,True,False
32,2H/10D,18,20,27,34,58,49,66,64,False,False,False
33,2H/10S,14,32,37,35,46,51,62,74,False,False,False
34,2H/10C,13,23,35,23,52,46,54,60,False,False,False
35,2H/11H,20,30,25,37,38,47,63,79,False,True,False
36,2H/11D,14,20,35,38,47,56,53,54,False,False,False
37,2H/11S,14,20,24,43,41,60,77,61,False,False,False
38,2H/11C,16,21,19,37,45,46,57,63,False,False,False
39,2H/12H,15,19,29,34,60,58,51,90,False,True,False
40,2H/12D,16,25,34,33,45,49,56,55,False,False,False
41,2H/12S,17,20,32,34,43,53,82,67,False,False,False
42,2H/12C,15,30,29,45,52,42,61,76,False,False,False
43,2H/13H,14,28,32,39,44,56,64,55,False,True,False
44,2H/13D,15,22,27,43,50,48,60,67,False,False,False
45,2H/13S,18,19,50,35,52,58,63,72,False,False,False
46,2H/13C,16,34,29,24,47,50,53,63,False,False,False
47,2H/14H,12,26,25,39,41,59,62,80,False,True,True
48,2H/14D,22,25,28,45,44,43,54,66,False,False,True
49,2H/14S,16,23,26,38,42,59,74,78,False,False,True
50,2H/14C,19,23,30,50,46,46,51,65,False,False,True
51,2D/2S,9,22,29,53,50,51,60,78,True,False,False
52,2D/2C,22,29,18,40,53,47,56,69,True,False,False
53,2D/3H,23,20,24,45,25,54,68,71,False,False,True
54,2D/3D,10,30,31,39,58,44,70,70,False,True,True
55,2D/3S,19,24,32,42,63,40,66,61,False,False,True
56,2D/3C,13,20,26,51,35,66,60,70,False,False,True
57,2D/4H,12,33,18,29,51,53,54,70,False,False,False
58,2D/4D,17,25,40,36,51,56,52,80,False,True,False
59,2D/4S,21,24,29,42,41,63,55,73,False,False,False
60,2D/4C,12,21,32,44,46,51,61,62,False,False,False
61,2D/5H,15,28,32,42,46,42,56,77,False,False,False
62,2D/5D,26,18,19,47,34,44,57,65,False,True,False
63,2D/5S,20,27,34,35,27,50,71,71,False,False,False
64,2D/5C,10,23,31,46,60,70,48,57,False,False,False
65,2D/6H,13,21,29,31,48,42,56,58,False,False,False
66,2D/6D,20,22,23,35,58,62,62,71,False,True,False
67,2D/6S,14,32,36,41,42,55,57,77,False,False,False
68,2D/6C,11,20,26,37,45,38,74,79,False,False,False
69,2D/7H,21,28,25,39,46,38,58,69,False,False,False
70,2D/7D,12,21,33,34,47,68,65,76,False,True,False
71,2D/7S,19,24,29,29,34,55,70,53,False,False,False
72,2D/7C,13,26,23,27,43,53,65,79,False,False,False
73,2D/8H,13,25,31,37,52,44,47,76,False,False,False
74,2D/8D,11,23,22,36,56,61,68,64,False,True,False
75,2D/8S,8,19,24,41,44,55,59,67,False,False,False
76,2D/8C,12,30,31,27,55,42,76,71,False,False,False
77,2D/9H,9,26,32,35,50,63,49,74,False,False,False
78,2D/9D,16,18,30,46,49,53,55,59,False,True,False
79,2D/9S,19,23,25,29,45,56,66,56,False,False,False
80,2D/9C,12,32,32,44,44,45,55,69,False,False,False
81,2D/10H,10,15,27,35,44,43,68,58,False,False,False
82,2D/10D,11,15,33,27,47,47,77,77,False,True,False
83,2D/10S,14,23,34,42,48,53,52,85,False,False,False
84,2D/10C,13,19,33,35,41,58,57,59,False,False,False
85,2D/11H,14,22,31,42,38,43,56,65,False,False,False
86,2D/11D,20,19,46,37,53,48,57,60,False,True,False
87,2D/11S,14,32,25,45,51,52,64,67,False,False,False
88,2D/11C,10,19,27,38,51,46,53,61,False,False,False
89,2D/12H,18,29,26,32,34,47,56,66,False,False,False
90,2D/12D,10,22,30,38,43,60,66,82,False,True,False
91,2D/12S,25,26,28,39,62,54,62,83,False,False,False
92,2D/12C,15,26,22,32,52,61,65,54,False,False,False
93,2D/13H,13,18,29,45,46,43,62,87,False,False,False
94,2D/13D,10,21,29,44,35,62,51,67,False,True,False
95,2D/13S,14,21,35,35,43,55,51,73,False,False,False
96,2D/13C,14,18,22,36,41,44,68,79,False,False,False
97,2D/14H,14,27,29,44,44,39,64,77,False,False,True
98,2D/14D,15,20,20,37,53,62,51,79,False,True,True
99,2D/14S,19,23,34,39,52,43,56,79,False,False,True
100,2D/14C,17,23,26,41,44,46,78,69,False,False,True
101,2S/2C,19,32,35,41,53,50,60,71,True,False,False
102,2S/3H,14,30,28,32,34,44,57,67,False,False,True
103,2S/3D,13,23,30,45,51,63,50,72,False,False,True
104,2S/3S,20,26,33,41,44,61,69,68,False,True,True
105,2S/3C,12,15,30,43,41,50,56,71,False,False,True
106,2S/4H,19,23,32,36,47,57,50,79,False,False,False
107,2S/4D,11,27,30,48,49,51,62,66,False,False,False
108,2S/4S,9,27,24,35,55,56,63,71,False,True,False
109,2S/4C,15,24,21,34,51,55,61,62,False,False,False
110,2S/5H,12,21,24,34,53,53,62,67,False,False,False
111,2S/5D,11,21,35,41,40,44,53,67,False,False,False
112,2S/5S,16,31,25,44,36,59,60,58,False,True,False
113,2S/5C,18,16,24,46,49,46,61,83,False,False,False
114,2S/6H,13,21,25,34,50,55,63,67,False,False,False
115,2S/6D,12,24,24,33,43,55,60,73,False,False,False
116,2S/6S,17,23,28,35,48,56,78,68,False,True,False
117,2S/6C,17,29,50,38,51,63,52,77,False,False,False
118,2S/7H,13,28,34,42,38,57,58,60,False,False,False
119,2S/7D,14,24,32,36,50,53,52,79,False,False,False
120,2S/7S,21,29,27,34,51,64,61,68,False,True,False
121,2S/7C,13,24,34,52,36,65,64,82,False,False,False
122,2S/8H,15,18,24,48,39,49,52,77,False,False,False
123,2S/8D,17,22,37,31,53,49,58,66,False,False,False
124,2S/8S,21,17,28,47,44,53,72,73,False,True,False
125,2S/8C,18,21,31,35,34,46,59,72,False,False,False
126,2S/9H,14,24,21,37,44,54,62,73,False,False,False
127,2S/9D,8,27,31,30,48,60,79,74,False,False,False
128,2S/9S,13,20,33,45,40,45,54,60,False,True,False
129,2S/9C,22,17,25,45,42,65,52,64,False,False,False
130,2S/10H,12,29,27,36,47,49,67,66,False,False,False
131,2S/10D,18,29,36,32,64,46,48,54,False,False,False
132,2S/10S,19,25,36,41,56,45,51,74,False,True,False
133,2S/10C,18,16,29,31,42,46,65,61,False,False,False
134,2S/11H,20,24,37,48,37,50,71,70,False,False,False
135,2S/11D,15,30,31,39,39,45,55,63,False,False,False
136,2S/11S,17,28,26,46,34,49,60,59,False,True,False
137,2S/11C,16,24,41,45,41,54,59,66,False,False,False
138,2S/12H,6,21,26,32,42,59,65,62,False,False,False
139,2S/12D,16,17,29,50,51,50,68,83,False,False,False
140,2S/12S,11,29,30,32,36,54,66,54,False,True,False
141,2S/12C,14,28,24,38,55,54,69,64,False,False,False
142,2S/13H,13,24,35,46,37,55,41,56,False,False,False
143,2S/13D,16,15,28,33,46,46,63,72,False,False,False
144,2S/13S,12,33,27,46,52,50,55,68,False,True,False
145,2S/13C,15,16,20,41,36,56,54,72,False,False,False
146,2S/14H,17,24,46,35,52,44,56,66,False,False,True
147,2S/14D,15,20,33,44,35,49,76,66,False,False,True
148,2S/14S,21,28,32,38,42,41,60,80,False,True,True
149,2S/14C,18,19,31,33,48,57,59,55,False,False,True
150,2C/3H,12,23,30,30,52,48,60,82,False,False,True
151,2C/3D,16,19,37,31,44,67,51,72,False,False,True
152,2C/3S,17,19,35,43,39,62,66,67,False,False,True
153,2C/3C,15,20,39,28,51,61,66,70,False,True,True
154,2C/4H,15,28,35,44,45,43,60,72,False,False,False
155,2C/4D,10,17,32,31,47,51,74,74,False,False,False
156,2C/4S,14,19,28,50,40,55,60,83,False,False,False
157,2C/4C,15,33,33,39,45,54,70,66,False,True,False
158,2C/5H,21,22,37,41,45,44,55,67,False,False,False
159,2C/5D,24,31,32,32,30,54,76,52,False,False,False
160,2C/5S,14,30,38,44,49,55,59,60,False,False,False
161,2C/5C,12,23,35,46,45,47,73,79,False,True,False
162,2C/6H,14,27,34,41,43,55,69,76,False,False,False
163,2C/6D,10,21,29,35,51,49,67,91,False,False,False
164,2C/6S,17,14,30,33,47,58,67,72,False,False,False
165,2C/6C,16,23,38,37,48,56,51,65,False,True,False
166,2C/7H,14,19,30,30,54,60,70,62,False,False,False
167,2C/7D,18,15,27,33,48,44,56,71,False,False,False
168,2C/7S,15,30,40,36,46,58,56,64,False,False,False
169,2C/7C,17,23,32,46,43,47,57,77,False,True,False
170,2C/8H,11,25,27,57,48,58,77,78,False,False,False
171,2C/8D,19,30,31,45,45,51,65,62,False,False,False
172,2C/8S,17,23,22,32,51,54,52,55,False,False,False
173,2C/8C,14,20,30,29,34,49,50,63,False,True,False
174,2C/9H,17,19,27,39,47,49,73,70,False,False,False
175,2C/9D,13,29,34,34,48,45,63,64,False,False,False
176,2C/9S,10,23,28,37,51,53,62,71,False,False,False
177,2C/9C,10,23,34,44,37,58,73,86,False,True,False
178,2C/10H,20,29,31,30,57,64,58,80,False,False,False
179,2C/10D,16,25,27,33,47,63,43,62,False,False,False
180,2C/10S,18,15,32,35,42,59,69,62,False,False,False
181,2C/10C,11,20,30,42,44,57,72,68,False,True,False
182,2C/11H,13,31,25,32,39,55,53,65,False,False,False
183,2C/11D,11,23,36,45,44,66,57,54,False,False,False
184,2C/11S,13,26,32,50,45,55,63,63,False,False,False
185,2C/11C,10,19,31,36,46,48,61,73,False,True,False
186,2C/12H,12,25,28,40,43,56,64,81,False,False,False
187,2C/12D,24,23,33,44,48,55,58,77,False,False,False
188,2C/12S,11,23,31,27,30,63,50,77,False,False,False
189,2C/12C,18,18,30,45,42,35,66,74,False,True,False
190,2C/13H,21,18,31,44,51,54,66,57,False,False,False
191,2C/13D,11,17,33,39,50,45,66,68,False,False,False
192,2C/13S,17,22,31,39,43,59,66,60,False,False,False
193,2C/13C,12,20,34,39,50,45,67,65,False,True,False
194,2C/14H,15,22,33,30,49,41,63,75,False,False,True
195,2C/14D,22,24,27,29,60,53,52,54,False,False,True
196,2C/14S,16,22,28,35,44,56,46,69,False,False,True
197,2C/14C,13,19,29,46,48,44,56,65,False,True,True
198,3H/3D,12,21,32,39,56,52,60,68,True,False,False
199,3H/3S,18,33,45,31,35,60,76,47,True,False,False
200,3H/3C,23,21,33,39,50,54,56,59,True,False,False
201,3H/4H,21,24,33,33,54,39,61,62,False,True,True
202,3H/4D,22,18,23,36,38,55,73,72,False,False,True
203,3H/4S,16,19,27,35,57,64,64,56,False,False,True
204,3H/4C,18,37,23,27,41,62,60,72,False,False,True
205,3H/5H,16,20,26,37,46,40,61,68,False,True,False
206,3H/5D,19,20,37,31,51,47,60,86,False,False,False
207,3H/5S,15,29,37,30,30,49,59,75,False,False,False
208,3H/5C,13,26,35,40,39,47,54,66,False,False,False
209,3H/6H,14,23,29,32,36,41,52,76,False,True,False
210,3H/6D,13,26,29,39,56,41,65,71,False,False,False
211,3H/6S,14,24,35,42,50,53,65,56,False,False,False
212,3H/6C,13,27,32,29,45,58,59,67,False,False,False
213,3H/7H,13,18,35,40,40,61,56,65,False,True,False
214,3H/7D,15,26,23,27,45,44,64,59,False,False,False
215,3H/7S,15,22,36,45,44,44,63,77,False,False,False
216,3H/7C,16,20,27,38,52,51,62,66,False,False,False
217,3H/8H,19,21,39,37,54,40,61,68,False,True,False
218,3H/8D,16,26,31,33,48,49,61,68,False,False,False
219,3H/8S,13,19,27,40,44,52,69,65,False,False,False
220,3H/8C,21,29,36,40,50,56,58,75,False,False,False
221,3H/9H,14,28,27,34,43,52,41,68,False,True,False
222,3H/9D,12,15,24,47,47,49,59,60,False,False,False
223,3H/9S,11,26,33,35,47,46,63,80,False,False,False
224,3H/9C,11,21,37,40,44,57,59,75,False,False,False
225,3H/10H,10,17,38,36,37,57,52,60,False,True,False
226,3H/10D,14,31,21,29,45,61,66,66,False,False,False
227,3H/10S,26,16,26,34,40,56,62,68,False,False,False
228,3H/10C,15,19,26,58,39,59,63,71,False,False,False
229,3H/11H,18,29,36,46,43,63,51,56,False,True,False
230,3H/11D,22,28,38,32,44,39,48,63,False,False,False
231,3H/11S,12,21,30,43,45,45,52,60,False,False,False
232,3H/11C,11,23,31,34,37,42,59,79,False,False,False
233,3H/12H,17,29,30,33,48,42,75,69,False,True,False
234,3H/12D,17,14,22,44,56,55,51,79,False,False,False
235,3H/12S,21,22,28,33,53,64,70,70,False,False,False
236,3H/12C,13,24,21,41,47,53,53,65,False,False,False
237,3H/13H,17,24,24,36,51,56,64,56,False,True,False
238,3H/13D,17,25,30,50,36,52,65,63,False,False,False
239,3H/13S,13,17,35,36,51,58,67,67,False,False,False
240,3H/13C,14,13,39,30,43,67,61,66,False,False,False
241,3H/14H,17,24,27,33,41,56,50,73,False,True,False
242,3H/14D,17,23,33,40,37,58,45,76,False,False,False
243,3H/14S,20,20,23,44,39,68,63,64,False,False,False
244,3H/14C,14,16,30,41,44,49,69,67,False,False,False
245,3D/3S,21,18,33,33,43,54,55,72,True,False,False
246,3D/3C,10,23,41,34,46,69,72,62,True,False,False
247,3D/4H,13,22,37,35,48,40,56,74,False,False,True
248,3D/4D,13,23,24,29,49,49,68,61,False,True,True
249,3D/4S,12,21,22,33,47,46,64,67,False,False,True
250,3D/4C,11,26,26,28,52,53,51,63,False,False,True
251,3D/5H,14,23,33,31,52,46,57,65,False,False,False
252,3D/5D,13,26,29,44,42,49,63,72,False,True,False
253,3D/5S,14,24,34,38,40,45,46,69,False,False,False
254,3D/5C,14,23,26,33,41,49,67,63,False,False,False
255,3D/6H,15,28,36,41,46,50,70,74,False,False,False
256,3D/6D,12,25,19,47,44,58,49,54,False,True,False
257,3D/6S,15,17,31,46,50,64,62,49,False,False,False
258,3D/6C,14,25,35,37,45,52,65,61,False,False,False
259,3D/7H,14,22,35,49,43,44,47,69,False,False,False
260,3D/7D,7,20,23,42,45,53,50,65,False,True,False
261,3D/7S,23,19,31,37,43,53,60,68,False,False,False
262,3D/7C,15,16,35,41,44,41,54,67,False,False,False
263,3D/8H,11,18,22,45,50,43,54,87,False,False,False
264,3D/8D,15,23,26,40,54,44,68,67,False,True,False
265,3D/8S,16,19,33,39,47,49,61,65,False,False,False
266,3D/8C,18,27,35,38,35,53,66,81,False,False,False
267,3D/9H,16,17,31,42,57,51,59,68,False,False,False
268,3D/9D,15,31,25,29,42,50,53,70,False,True,False
269,3D/9S,21,22,29,25,52,50,81,62,False,False,False
270,3D/9C,16,22,26,31,46,59,59,68,False,False,False
271,3D/10H,16,16,23,36,47,61,56,74,False,False,False
272,3D/10D,21,26,32,33,45,64,70,81,False,True,False
273,3D/10S,7,28,28,43,37,47,65,72,False,False,False
274,3D/10C,20,24,38,33,32,77,54,71,False,False,False
275,3D/11H,15,21,25,40,54,60,57,65,False,False,False
276,3D/11D,12,22,27,37,36,51,56,66,False,True,False
277,3D/11S,13,28,28,34,41,47,70,53,False,False,False
278,3D/11C,14,21,26,34,42,52,71,78,False,False,False
279,3D/12H,18,27,29,28,50,61,54,70,False,False,False
280,3D/12D,15,28,22,36,29,42,64,72,False,True,False
281,3D/12S,11,25,35,40,35,54,57,73,False,False,False
282,3D/12C,13,17,33,27,47,59,54,74,False,False,False
283,3D/13H,14,23,40,37,39,47,59,74,False,False,False
284,3D/13D,4,19,40,51,37,62,47,66,False,True,False
285,3D/13S,12,23,25,41,45,54,54,66,False,False,False
286,3D/13C,17,24,44,48,44,61,43,60,False,False,False
287,3D/14H,12,22,30,37,43,70,67,78,False,False,False
288,3D/14D,11,23,34,43,49,48,50,67,False,True,False
289,3D/14S,17,24,25,34,50,61,55,69,False,False,False
290,3D/14C,15,23,28,37,46,59,54,60,False,False,False
291,3S/3C,16,27,28,37,45,55,62,73,True,False,False
292,3S/4H,18,23,31,42,41,66,47,51,False,False,True
293,3S/4D,11,23,27,33,41,60,59,59,False,False,True
294,3S/4S,9,22,26,31,58,47,57,63,False,True,True
295,3S/4C,18,24,36,36,44,55,55,56,False,False,True
296,3S/5H,17,10,41,33,49,62,60,66,False,False,False
297,3S/5D,15,28,29,30,41,45,60,74,False,False,False
298,3S/5S,14,29,19,45,46,44,64,76,False,True,False
299,3S/5C,17,30,37,44,55,65,57,50,False,False,False
300,3S/6H,18,24,39,33,54,45,56,60,False,False,False
301,3S/6D,15,23,30,40,51,41,66,70,False,False,False
302,3S/6S,16,29,27,40,49,49,52,60,False,True,False
303,3S/6C,9,23,34,36,49,40,62,74,False,False,False
304,3S/7H,18,18,34,35,46,41,49,65,False,False,False
305,3S/7D,14,23,33,43,39,64,69,88,False,False,False
306,3S/7S,14,31,33,44,51,58,67,61,False,True,False
307,3S/7C,14,25,34,28,56,55,61,77,False,False,False
308,3S/8H,16,20,28,39,61,64,62,60,False,False,False
309,3S/8D,18,25,30,47,50,71,59,71,False,False,False
310,3S/8S,17,22,21,41,43,44,55,73,False,True,False
311,3S/8C,12,18,29,34,36,49,56,75,False,False,False
312,3S/9H,16,16,31,39,47,61,60,66,False,False,False
313,3S/9D,17,25,21,34,51,72,55,66,False,False,False
314,3S/9S,8,27,34,35,52,59,56,76,False,True,False
315,3S/9C,13,26,30,40,38,68,54,73,False,False,False
316,3S/10H,14,25,26,33,57,60,72,59,False,False,False
317,3S/10D,14,16,32,36,43,49,63,52,False,False,False
318,3S/10S,14,20,35,24,39,60,64,84,False,True,False
319,3S/10C,14,25,25,39,42,59,76,57,False,False,False
320,3S/11H,17,21,31,31,46,60,63,73,False,False,False
321,3S/11D,12,26,27,37,49,55,50,72,False,False,False
322,3S/11S,8,19,25,51,47,68,61,69,False,True,False
323,3S/11C,12,24,31,52,40,46,60,66,False,False,False
324,3S/12H,14,26,34,39,40,41,53,66,False,False,False
325,3S/12D,13,23,22,37,51,53,63,58,False,False,False
326,3S/12S,15,23,32,36,45,49,63,61,False,True,False
327,3S/12C,19,14,33,48,45,47,58,87,False,False,False
328,3S/13H,13,28,28,38,50,48,67,50,False,False,False
329,3S/13D,24,20,31,34,47,47,69,68,False,False,False
330,3S/13S,16,24,34,35,48,50,57,63,False,True,False
331,3S/13C,13,18,28,35,43,54,56,68,False,False,False
332,3S/14H,14,28,34,42,45,53,52,66,False,False,False
333,3S/14D,17,24,36,35,53,48,69,74,False,False,False
334,3S/14S,9,23,30,39,46,53,57,71,False,True,False
335,3S/14C,16,21,25,38,52,57,57,57,False,False,False
336,3C/4H,16,27,25,40,30,56,71,78,False,False,True
337,3C/4D,6,22,30,31,52,56,66,50,False,False,True
338,3C/4S,18,20,33,43,47,54,62,67,False,False,True
339,3C/4C,14,22,37,32,48,60,67,76,False,True,True
340,3C/5H,20,13,24,36,41,58,54,61,False,False,False
341,3C/5D,13,20,27,25,50,59,66,61,False,False,False
342,3C/5S,18,22,31,50,46,36,52,69,False,False,False
343,3C/5C,14,23,31,38,47,54,53,59,False,True,False
344,3C/6H,15,30,32,42,49,52,61,87,False,False,False
345,3C/6D,12,17,26,39,30,54,55,72,False,False,False
346,3C/6S,11,26,26,40,53,54,71,63,False,False,False
347,3C/6C,15,28,27,44,38,63,55,84,False,True,False
348,3C/7H,8,21,37,38,53,57,50,57,False,False,False
349,3C/7D,11,21,30,34,52,53,61,71,False,False,False
350,3C/7S,11,19,20,34,40,49,62,65,False,False,False
351,3C/7C,17,28,27,29,44,45,58,65,False,True,False
352,3C/8H,15,23,23,38,37,34,69,68,False,False,False
353,3C/8D,14,24,28,26,50,46,54,68,False,False,False
354,3C/8S,16,28,29,35,43,46,79,65,False,False,False
355,3C/8C,12,24,29,50,40,51,79,60,False,True,False
356,3C/9H,18,17,33,27,42,49,67,73,False,False,False
357,3C/9D,10,23,32,41,44,49,48,79,False,False,False
358,3C/9S,18,27,29,36,51,46,62,71,False,False,False
359,3C/9C,11,23,36,44,42,55,56,64,False,True,False
360,3C/10H,15,12,23,45,49,50,58,70,False,False,False
361,3C/10D,10,27,22,42,36,46,68,63,False,False,False
362,3C/10S,18,23,35,36,43,48,56,51,False,False,False
363,3C/10C,10,23,38,37,37,52,62,56,False,True,False
364,3C/11H,16,25,23,36,52,64,60,75,False,False,False
365,3C/11D,23,33,28,33,66,55,69,64,False,False,False
366,3C/11S,17,29,34,45,45,57,74,62,False,False,False
367,3C/11C,11,32,26,47,34,53,60,72,False,True,False
368,3C/12H,14,24,38,33,39,49,58,79,False,False,False
369,3C/12D,15,23,33,41,47,53,65,70,False,False,False
370,3C/12S,22,24,29,43,42,60,49,60,False,False,False
371,3C/12C,14,22,23,40,37,56,54,61,False,True,False
372,3C/13H,22,19,32,39,47,44,43,69,False,False,False
373,3C/13D,17,23,21,41,31,35,58,78,False,False,False
374,3C/13S,13,18,30,46,48,53,57,69,False,False,False
375,3C/13C,17,15,32,38,46,48,50,71,False,True,False
376,3C/14H,11,33,28,33,57,47,58,63,False,False,False
377,3C/14D,14,17,37,44,47,60,61,64,False,False,False
378,3C/14S,11,20,35,33,43,47,76,53,False,False,False
379,3C/14C,12,11,30,35,45,59,63,53,False,True,False
380,4H/4D,13,19,33,44,44,55,58,63,True,False,False
381,4H/4S,13,22,33,41,52,49,64,58,True,False,False
382,4H/4C,26,28,32,30,47,37,65,57,True,False,False
383,4H/5H,14,23,25,39,38,57,63,65,False,True,True
384,4H/5D,7,30,34,32,41,44,72,74,False,False,True
385,4H/5S,16,22,23,42,46,53,63,75,False,False,True
386,4H/5C,17,19,30,27,43,66,52,70,False,False,True
387,4H/6H,18,29,32,31,49,57,58,61,False,True,False
388,4H/6D,15,27,29,46,51,58,66,69,False,False,False
389,4H/6S,19,19,30,34,39,58,67,71,False,False,False
390,4H/6C,18,19,19,27,47,53,55,68,False,False,False
391,4H/7H,12,21,41,36,57,57,62,70,False,True,False
392,4H/7D,17,33,38,45,53,44,69,58,False,False,False
393,4H/7S,15,14,24,37,46,45,66,76,False,False,False
394,4H/7C,20,27,29,36,49,54,72,85,False,False,False
395,4H/8H,21,25,28,28,43,74,58,71,False,True,False
396,4H/8D,16,23,28,38,46,60,53,74,False,False,False
397,4H/8S,14,15,28,50,46,42,62,63,False,False,False
398,4H/8C,8,21,25,37,41,52,47,85,False,False,False
399,4H/9H,15,20,25,41,49,54,61,85,False,True,False
400,4H/9D,12,26,35,40,43,57,67,79,False,False,False
401,4H/9S,12,25,31,35,54,45,61,66,False,False,False
402,4H/9C,12,22,30,38,43,60,57,57,False,False,False
403,4H/10H,11,32,23,34,33,63,61,69,False,True,False
404,4H/10D,18,20,32,33,47,57,58,73,False,False,False
405,4H/10S,16,19,32,41,48,50,53,64,False,False,False
406,4H/10C,13,18,35,39,54,51,76,69,False,False,False
407,4H/11H,17,25,37,33,46,42,53,64,False,True,False
408,4H/11D,11,20,37,29,39,50,62,61,False,False,False
409,4H/11S,15,21,32,33,54,63,51,70,False,False,False
410,4H/11C,21,24,34,36,37,67,60,83,False,False,False
411,4H/12H,12,25,17,37,43,60,55,55,False,True,False
412,4H/12D,17,25,33,30,39,54,66,78,False,False,False
413,4H/12S,11,17,34,35,39,47,68,57,False,False,False
414,4H/12C,15,23,27,40,57,48,55,72,False,False,False
415,4H/13H,14,25,23,35,38,39,58,77,False,True,False
416,4H/13D,19,23,29,29,39,56,60,78,False,False,False
417,4H/13S,16,25,30,41,43,49,46,47,False,False,False
418,4H/13C,16,27,26,37,36,58,64,82,False,False,False
419,4H/14H,8,15,34,32,34,48,67,75,False,True,False
420,4H/14D,20,19,35,27,45,44,52,67,False,False,False
421,4H/14S,22,17,32,36,53,57,65,71,False,False,False
422,4H/14C,21,31,30,36,52,69,56,73,False,False,False
423,4D/4S,17,22,34,36,40,62,52,61,True,False,False
424,4D/4C,24,20,15,38,45,51,49,67,True,False,False
425,4D/5H,18,28,34,39,57,58,48,71,False,False,True
426,4D/5D,16,17,30,43,44,52,74,62,False,True,True
427,4D/5S,14,15,23,43,49,45,59,70,False,False,True
428,4D/5C,19,22,24,32,38,46,61,87,False,False,True
429,4D/6H,10,29,28,29,58,59,50,75,False,False,False
430,4D/6D,18,28,37,32,57,45,38,73,False,True,False
431,4D/6S,16,26,28,34,51,51,68,76,False,False,False
432,4D/6C,22,28,30,33,37,47,59,58,False,False,False
433,4D/7H,12,24,28,37,31,45,54,57,False,False,False
434,4D/7D,13,23,24,24,46,53,57,60,False,True,False
435,4D/7S,8,31,28,31,48,46,63,70,False,False,False
436,4D/7C,10,25,31,34,39,55,63,71,False,False,False
437,4D/8H,22,33,32,29,42,43,74,66,False,False,False
438,4D/8D,11,26,36,36,39,60,69,69,False,True,False
439,4D/8S,11,21,25,41,46,57,68,75,False,False,False
440,4D/8C,20,19,26,45,41,53,62,71,False,False,False
441,4D/9H,11,17,36,38,46,51,57,68,False,False,False
442,4D/9D,12,18,31,38,45,47,56,59,False,True,False
443,4D/9S,12,24,32,42,37,60,61,73,False,False,False
444,4D/9C,19,19,26,31,42,32,65,79,False,False,False
445,4D/10H,18,19,34,40,46,52,59,48,False,False,False
446,4D/10D,10,20,26,30,59,70,53,64,False,True,False
447,4D/10S,16,20,24,31,50,71,59,69,False,False,False
448,4D/10C,17,30,29,37,38,56,64,63,False,False,False
449,4D/11H,11,23,29,32,46,61,66,70,False,False,False
450,4D/11D,13,28,29,48,40,57,58,61,False,True,False
451,4D/11S,16,35,32,38,46,56,66,73,False,False,False
452,4D/11C,18,20,32,41,44,64,67,78,False,False,False
453,4D/12H,15,19,28,28,41,54,65,80,False,False,False
454,4D/12D,12,14,29,31,45,41,69,68,False,True,False
455,4D/12S,18,18,34,45,41,50,57,83,False,False,False
456,4D/12C,14,12,24,35,38,55,57,69,False,False,False
457,4D/13H,12,24,35,34,41,48,53,63,False,False,False
458,4D/13D,14,17,21,31,38,67,77,62,False,True,False
459,4D/13S,12,25,35,37,58,46,55,65,False,False,False
460,4D/13C,22,25,35,43,52,50,49,57,False,False,False
461,4D/14H,13,16,23,30,39,54,72,67,False,False,False
462,4D/14D,15,21,33,42,45,54,55,69,False,True,False
463,4D/14S,14,28,26,47,44,40,64,69,False,False,False
464,4D/14C,22,18,28,31,30,47,54,80,False,False,False
465,4S/4C,15,22,29,47,21,54,61,61,True,False,False
466,4S/5H,9,22,40,41,50,53,66,67,False,False,True
467,4S/5D,11,22,27,29,38,49,54,73,False,False,True
468,4S/5S,11,14,39,34,43,54,55,72,False,True,True
469,4S/5C,14,30,24,41,50,59,73,61,False,False,True
470,4S/6H,19,20,41,29,51,50,71,59,False,False,False
471,4S/6D,13,20,27,35,52,46,52,56,False,False,False
472,4S/6S,19,24,26,37,57,56,61,58,False,True,False
473,4S/6C,18,23,34,51,40,55,62,73,False,False,False
474,4S/7H,18,27,31,36,51,57,73,75,False,False,False
475,4S/7D,27,18,33,35,45,45,72,73,False,False,False
476,4S/7S,16,27,31,39,47,53,65,66,False,True,False
477,4S/7C,16,19,34,28,48,58,51,73,False,False,False
478,4S/8H,14,16,37,31,58,45,68,82,False,False,False
479,4S/8D,14,21,28,29,51,45,65,59,False,False,False
480,4S/8S,18,20,32,32,36,45,67,71,False,True,False
481,4S/8C,20,17,26,38,40,66,67,81,False,False,False
482,4S/9H,12,25,28,42,42,55,64,71,False,False,False
483,4S/9D,15,28,21,40,53,36,56,65,False,False,False
484,4S/9S,23,28,29,26,38,50,72,85,False,True,False
485,4S/9C,20,26,23,32,50,53,57,73,False,False,False
486,4S/10H,16,25,20,35,31,54,72,66,False,False,False
487,4S/10D,13,23,34,45,51,69,51,58,False,False,False
488,4S/10S,13,30,23,29,40,58,76,86,False,True,False
489,4S/10C,14,21,27,36,50,50,58,68,False,False,False
490,4S/11H,16,31,28,40,50,49,48,67,False,False,False
491,4S/11D,11,21,34,36,31,54,46,70,False,False,False
492,4S/11S,10,19,40,24,35,61,56,72,False,True,False
493,4S/11C,11,21,28,33,42,55,54,72,False,False,False
494,4S/12H,22,24,42,38,30,60,62,63,False,False,False
495,4S/12D,14,21,27,36,41,62,58,70,False,False,False
496,4S/12S,16,20,33,32,56,54,54,61,False,True,False
497,4S/12C,15,23,31,46,51,54,52,65,False,False,False
498,4S/13H,24,26,30,32,37,40,59,69,False,False,False
499,4S/13D,19,19,29,37,32,48,61,65,False,False,False
500,4S/13S,16,16,31,46,39,54,53,73,False,True,False
501,4S/13C,22,24,34,35,44,53,59,65,False,False,False
502,4S/14H,13,24,29,29,35,47,54,46,False,False,False
503,4S/14D,9,11,29,35,49,49,59,63,False,False,False
504,4S/14S,16,25,32,34,46,64,74,87,False,True,False
505,4S/14C,14,26,31,29,44,51,60,81,False,False,False
506,4C/5H,11,29,28,37,49,59,74,73,False,False,True
507,4C/5D,13,16,34,32,63,44,69,72,False,False,True
508,4C/5S,11,28,22,29,41,51,55,60,False,False,True
509,4C/5C,15,25,32,40,41,58,60,89,False,True,True
510,4C/6H,12,24,29,39,49,56,65,50,False,False,False
511,4C/6D,12,24,36,35,27,57,55,81,False,False,False
512,4C/6S,14,27,30,38,40,55,58,55,False,False,False
513,4C/6C,10,19,36,31,54,47,65,69,False,True,False
514,4C/7H,8,23,31,35,42,58,63,68,False,False,False
515,4C/7D,16,24,28,46,37,56,51,71,False,False,False
516,4C/7S,10,24,32,40,47,43,55,73,False,False,False
517,4C/7C,23,20,27,35,47,40,71,59,False,True,False
518,4C/8H,10,20,27,40,48,41,52,67,False,False,False
519,4C/8D,13,26,24,37,43,49,60,63,False,False,False
520,4C/8S,17,17,35,30,52,51,70,61,False,False,False
521,4C/8C,11,20,27,49,48,54,56,68,False,True,False
522,4C/9H,15,24,27,36,52,57,50,64,False,False,False
523,4C/9D,25,17,22,44,42,60,62,86,False,False,False
524,4C/9S,11,32,35,37,50,41,54,72,False,False,False
525,4C/9C,13,18,30,41,51,61,65,70,False,True,False
526,4C/10H,12,20,22,43,46,50,48,78,False,False,False
527,4C/10D,16,17,28,39,43,61,53,69,False,False,False
528,4C/10S,21,15,25,40,55,54,60,65,False,False,False
529,4C/10C,13,19,30,40,41,51,50,65,False,True,False
530,4C/11H,8,26,30,32,37,46,57,71,False,False,False
531,4C/11D,17,24,34,31,48,63,53,75,False,False,False
532,4C/11S,22,16,39,36,51,47,63,54,False,False,False
533,4C/11C,11,20,32,29,43,60,59,64,False,True,False
534,4C/12H,13,19,30,31,44,46,58,71,False,False,False
535,4C/12D,11,21,33,40,59,50,69,61,False,False,False
536,4C/12S,23,23,37,38,48,57,55,77,False,False,False
537,4C/12C,17,18,23,40,34,60,73,67,False,True,False
538,4C/13H,9,15,28,34,45,56,71,66,False,False,False
539,4C/13D,17,12,33,44,61,48,54,56,False,False,False
540,4C/13S,12,28,28,44,41,57,70,69,False,False,False
541,4C/13C,13,21,24,35,47,58,67,61,False,True,False
542,4C/14H,20,24,38,33,46,49,61,59,False,False,False
543,4C/14D,9,24,20,40,41,67,58,66,False,False,False
544,4C/14S,12,19,33,40,42,59,52,66,False,False,False
545,4C/14C,21,22,28,43,37,53,70,74,False,True,False
546,5H/5D,16,25,33,38,55,51,54,66,True,False,False
547,5H/5S,14,21,39,54,60,57,52,68,True,False,False
548,5H/5C,15,31,33,39,40,51,71,74,True,False,False
549,5H/6H,20,25,23,31,47,46,63,67,False,True,True
550,5H/6D,22,19,29,35,43,41,61,70,False,False,True
551,5H/6S,12,22,26,36,34,56,63,63,False,False,True
552,5H/6C,9,18,37,39,46,58,68,62,False,False,True
553,5H/7H,18,21,31,30,42,56,66,72,False,True,False
554,5H/7D,19,19,38,27,45,61,60,75,False,False,False
555,5H/7S,11,29,33,31,51,58,67,60,False,False,False
556,5H/7C,15,20,33,37,29,48,54,68,False,False,False
557,5H/8H,13,22,36,38,45,53,67,70,False,True,False
558,5H/8D,14,22,27,43,50,63,76,63,False,False,False
559,5H/8S,11,23,32,46,41,55,60,63,False,False,False
560,5H/8C,17,33,38,26,44,69,72,67,False,False,False
561,5H/9H,14,28,38,29,29,51,61,82,False,True,False
562,5H/9D,6,19,38,38,48,52,65,56,False,False,False
563,5H/9S,16,24,33,37,41,42,68,58,False,False,False
564,5H/9C,16,26,32,41,43,60,71,56,False,False,False
565,5H/10H,17,25,32,39,46,44,65,55,False,True,False
566,5H/10D,10,24,23,31,54,50,60,64,False,False,False
567,5H/10S,11,19,24,32,48,56,64,63,False,False,False
568,5H/10C,15,29,24,32,39,55,64,76,False,False,False
569,5H/11H,17,17,25,24,37,53,58,61,False,True,False
570,5H/11D,18,19,33,46,51,58,62,65,False,False,False
571,5H/11S,14,29,35,31,52,48,54,71,False,False,False
572,5H/11C,14,23,48,33,51,58,55,52,False,False,False
573,5H/12H,16,26,26,45,38,51,58,70,False,True,False
574,5H/12D,17,23,24,32,39,73,69,66,False,False,False
575,5H/12S,16,10,31,39,38,53,61,68,False,False,False
576,5H/12C,20,24,30,46,46,50,71,67,False,False,False
577,5H/13H,20,24,30,39,50,69,69,67,False,True,False
578,5H/13D,10,25,27,43,58,45,70,74,False,False,False
579,5H/13S,20,14,26,45,45,40,65,64,False,False,False
580,5H/13C,8,19,22,46,48,54,75,66,False,False,False
581,5H/14H,11,32,23,37,45,49,56,59,False,True,False
582,5H/14D,14,18,30,33,30,53,59,77,False,False,False
583,5H/14S,16,12,46,35,54,59,71,72,False,False,False
584,5H/14C,11,21,25,52,41,44,61,64,False,False,False
585,5D/5S,23,16,30,44,48,55,52,72,True,False,False
586,5D/5C,17,28,29,33,39,35,61,75,True,False,False
587,5D/6H,15,22,34,37,40,49,66,64,False,False,True
588,5D/6D,12,10,29,44,43,58,53,75,False,True,True
589,5D/6S,10,19,31,38,48,52,71,65,False,False,True
590,5D/6C,10,23,35,30,67,57,76,57,False,False,True
591,5D/7H,16,24,36,31,39,55,60,63,False,False,False
592,5D/7D,11,21,29,33,53,58,47,63,False,True,False
593,5D/7S,12,22,36,47,41,61,58,71,False,False,False
594,5D/7C,16,19,22,35,54,62,71,82,False,False,False
595,5D/8H,15,21,31,51,44,57,60,66,False,False,False
596,5D/8D,14,27,30,39,33,64,66,71,False,True,False
597,5D/8S,17,22,37,33,52,64,72,74,False,False,False
598,5D/8C,12,18,31,32,35,46,52,67,False,False,False
599,5D/9H,15,26,40,26,48,61,52,94,False,False,False
600,5D/9D,14,27,26,42,44,44,54,78,False,True,False
601,5D/9S,19,13,27,33,50,56,45,69,False,False,False
602,5D/9C,17,26,29,39,55,60,57,57,False,False,False
603,5D/10H,14,20,36,32,34,52,46,84,False,False,False
604,5D/10D,15,24,28,44,40,46,60,62,False,True,False
605,5D/10S,25,19,34,40,42,79,49,74,False,False,False
606,5D/10C,21,26,24,37,34,50,40,60,False,False,False
607,5D/11H,15,20,25,33,45,41,49,68,False,False,False
608,5D/11D,16,18,32,47,51,63,45,59,False,True,False
609,5D/11S,16,21,31,31,46,47,57,56,False,False,False
610,5D/11C,17,23,25,34,45,53,63,64,False,False,False
611,5D/12H,9,23,38,43,41,42,58,64,False,False,False
612,5D/12D,15,18,20,38,45,51,55,77,False,True,False
613,5D/12S,18,21,35,43,51,50,62,63,False,False,False
614,5D/12C,15,26,40,43,42,53,46,56,False,False,False
615,5D/13H,19,23,35,28,48,42,60,66,False,False,False
616,5D/13D,12,28,29,37,42,55,59,80,False,True,False
617,5D/13S,12,21,24,27,48,60,61,82,False,False,False
618,5D/13C,16,18,39,36,39,51,60,90,False,False,False
619,5D/14H,8,28,24,36,52,53,53,59,False,False,False
620,5D/14D,14,22,27,33,24,57,60,63,False,True,False
621,5D/14S,22,24,28,41,42,38,74,63,False,False,False
622,5D/14C,13,14,31,41,49,54,51,63,False,False,False
623,5S/5C,12,20,33,33,40,55,49,67,True,False,False
624,5S/6H,19,15,35,38,34,64,52,62,False,False,True
625,5S/6D,17,21,29,39,39,41,56,58,False,False,True
626,5S/6S,10,24,32,43,47,45,60,64,False,True,True
627,5S/6C,19,21,43,34,47,54,65,69,False,False,True
628,5S/7H,11,22,36,39,52,60,59,76,False,False,False
629,5S/7D,19,17,30,37,56,41,61,73,False,False,False
630,5S/7S,16,16,35,37,40,58,63,57,False,True,False
631,5S/7C,8,27,29,42,40,78,66,83,False,False,False
632,5S/8H,17,18,39,37,43,44,60,64,False,False,False
633,5S/8D,23,26,37,28,46,53,64,59,False,False,False
634,5S/8S,11,25,30,41,41,48,69,72,False,True,False
635,5S/8C,13,22,44,35,30,59,75,65,False,False,False
636,5S/9H,16,26,28,37,42,57,50,85,False,False,False
637,5S/9D,21,18,18,35,44,61,60,91,False,False,False
638,5S/9S,15,26,33,30,54,60,60,69,False,True,False
639,5S/9C,12,24,33,41,52,46,52,67,False,False,False
640,5S/10H,13,28,32,36,46,70,65,81,False,False,False
641,5S/10D,13,20,28,41,50,46,52,72,False,False,False
642,5S/10S,17,20,40,48,44,67,47,76,False,True,False
643,5S/10C,14,21,25,43,50,54,57,71,False,False,False
644,5S/11H,16,22,26,44,46,46,51,73,False,False,False
645,5S/11D,15,25,34,32,49,62,60,73,False,False,False
646,5S/11S,14,17,39,43,43,63,59,66,False,True,False
647,5S/11C,9,23,37,40,55,59,57,69,False,False,False
648,5S/12H,14,17,34,46,51,42,67,63,False,False,False
649,5S/12D,11,17,31,32,43,33,50,61,False,False,False
650,5S/12S,20,23,25,40,43,40,76,81,False,True,False
651,5S/12C,21,22,19,37,46,58,68,55,False,False,False
652,5S/13H,25,19,31,48,40,48,55,89,False,False,False
653,5S/13D,11,24,33,36,55,57,54,68,False,False,False
654,5S/13S,11,25,25,35,46,44,50,71,False,True,False
655,5S/13C,19,22,33,40,38,42,52,55,False,False,False
656,5S/14H,25,12,29,42,46,56,70,64,False,False,False
657,5S/14D,17,38,25,28,43,40,47,64,False,False,False
658,5S/14S,6,25,34,28,32,54,63,70,False,True,False
659,5S/14C,21,24,23,27,30,61,79,59,False,False,False
660,5C/6H,19,23,30,38,49,49,71,66,False,False,True
661,5C/6D,19,19,32,29,36,64,61,76,False,False,True
662,5C/6S,14,27,25,40,50,55,57,76,False,False,True
663,5C/6C,17,26,35,27,49,68,52,70,False,True,True
664,5C/7H,12,25,33,46,51,37,66,67,False,False,False
665,5C/7D,14,25,24,37,52,52,63,64,False,False,False
666,5C/7S,16,24,28,33,46,48,61,66,False,False,False
667,5C/7C,21,14,38,43,36,58,61,85,False,True,False
668,5C/8H,10,23,32,36,47,54,60,79,False,False,False
669,5C/8D,23,22,33,41,40,62,63,71,False,False,False
670,5C/8S,13,28,35,39,50,51,59,68,False,False,False
671,5C/8C,16,12,24,34,54,53,65,55,False,True,False
672,5C/9H,19,29,23,42,42,31,64,61,False,False,False
673,5C/9D,20,25,40,36,44,57,57,75,False,False,False
674,5C/9S,19,25,31,33,58,72,52,63,False,False,False
675,5C/9C,15,15,31,35,44,54,64,81,False,True,False
676,5C/10H,19,14,18,40,43,55,48,64,False,False,False
677,5C/10D,9,22,38,40,52,45,57,86,False,False,False
678,5C/10S,13,21,29,50,39,50,58,84,False,False,False
679,5C/10C,13,23,27,29,61,50,64,68,False,True,False
680,5C/11H,24,22,31,33,43,59,49,78,False,False,False
681,5C/11D,19,22,27,32,50,52,58,73,False,False,False
682,5C/11S,13,25,30,46,51,42,54,67,False,False,False
683,5C/11C,22,26,30,32,33,59,58,63,False,True,False
684,5C/12H,15,24,35,33,53,60,54,66,False,False,False
685,5C/12D,11,19,24,37,40,53,62,55,False,False,False
686,5C/12S,15,17,35,43,43,46,57,72,False,False,False
687,5C/12C,17,21,25,31,53,48,59,53,False,True,False
688,5C/13H,10,28,27,39,31,51,62,74,False,False,False
689,5C/13D,17,27,31,38,48,57,61,81,False,False,False
690,5C/13S,11,18,27,52,45,44,61,76,False,False,False
691,5C/13C,14,16,31,32,45,40,62,71,False,True,False
692,5C/14H,32,25,25,39,41,57,47,63,False,False,False
693,5C/14D,18,21,35,33,48,39,66,55,False,False,False
694,5C/14S,12,21,24,37,53,58,69,69,False,False,False
695,5C/14C,12,24,20,21,36,42,64,60,False,True,False
696,6H/6D,18,23,49,43,47,51,65,64,True,False,False
697,6H/6S,16,14,34,38,55,65,58,73,True,False,False
698,6H/6C,12,30,20,47,59,47,60,61,True,False,False
699,6H/7H,13,23,36,46,40,61,56,67,False,True,True
700,6H/7D,11,20,33,41,37,66,68,57,False,False,True
701,6H/7S,20,23,37,39,41,50,59,62,False,False,True
702,6H/7C,23,20,24,50,49,52,63,82,False,False,True
703,6H/8H,20,18,26,34,44,54,51,71,False,True,False
704,6H/8D,16,21,31,36,56,56,56,72,False,False,False
705,6H/8S,16,14,33,43,45,53,61,58,False,False,False
706,6H/8C,17,17,29,40,51,48,49,73,False,False,False
707,6H/9H,17,30,37,43,51,55,67,70,False,True,False
708,6H/9D,16,22,29,33,48,50,48,79,False,False,False
709,6H/9S,10,17,26,33,60,51,54,72,False,False,False
710,6H/9C,12,17,43,41,40,59,55,69,False,False,False
711,6H/10H,8,20,33,35,52,54,58,68,False,True,False
712,6H/10D,19,17,33,41,45,55,75,55,False,False,False
713,6H/10S,21,20,31,34,36,53,69,58,False,False,False
714,6H/10C,16,25,41,44,42,64,61,68,False,False,False
715,6H/11H,14,24,22,40,47,55,78,66,False,True,False
716,6H/11D,21,22,29,41,45,45,82,63,False,False,False
717,6H/11S,15,18,22,38,54,49,77,60,False,False,False
718,6H/11C,19,24,39,45,48,50,55,77,False,False,False
719,6H/12H,15,25,20,31,39,54,68,69,False,True,False
720,6H/12D,23,22,29,40,48,55,52,65,False,False,False
721,6H/12S,18,36,22,35,45,51,58,78,False,False,False
722,6H/12C,16,24,31,49,38,63,61,68,False,False,False
723,6H/13H,13,22,31,35,30,55,58,79,False,True,False
724,6H/13D,18,18,33,30,43,43,68,57,False,False,False
725,6H/13S,24,25,32,42,47,62,52,65,False,False,False
726,6H/13C,8,24,20,41,37,51,49,63,False,False,False
727,6H/14H,7,17,31,42,55,41,60,72,False,True,False
728,6H/14D,18,24,39,48,42,61,49,74,False,False,False
729,6H/14S,16,31,27,47,45,54,63,66,False,False,False
730,6H/14C,17,25,31,40,40,54,74,73,False,False,False
731,6D/6S,21,34,35,48,47,58,59,68,True,False,False
732,6D/6C,13,22,39,39,36,60,58,68,True,False,False
733,6D/7H,12,20,40,37,43,54,56,50,False,False,True
734,6D/7D,15,23,39,32,32,59,57,68,False,True,True
735,6D/7S,18,19,41,29,45,42,59,65,False,False,True
736,6D/7C,8,27,40,38,36,49,73,66,False,False,True
737,6D/8H,15,17,35,22,43,60,69,54,False,False,False
738,6D/8D,18,22,36,42,41,50,72,45,False,True,False
739,6D/8S,12,19,28,31,55,64,56,84,False,False,False
740,6D/8C,16,11,27,30,41,52,60,63,False,False,False
741,6D/9H,11,19,36,52,50,43,66,79,False,False,False
742,6D/9D,13,20,24,44,52,58,46,75,False,True,False
743,6D/9S,15,20,27,32,42,40,57,67,False,False,False
744,6D/9C,12,20,41,40,46,65,55,81,False,False,False
745,6D/10H,19,25,25,29,47,44,66,52,False,False,False
746,6D/10D,19,19,34,36,46,46,55,50,False,True,False
747,6D/10S,16,23,30,34,46,60,61,76,False,False,False
748,6D/10C,19,26,29,41,43,51,62,77,False,False,False
749,6D/11H,17,27,37,31,49,62,62,70,False,False,False
750,6D/11D,16,23,42,37,39,55,61,59,False,True,False
751,6D/11S,9,23,29,35,45,54,69,64,False,False,False
752,6D/11C,12,26,32,32,47,46,52,61,False,False,False
753,6D/12H,13,21,32,41,48,41,69,60,False,False,False
754,6D/12D,10,25,37,35,44,61,66,62,False,True,False
755,6D/12S,12,21,38,38,40,59,46,81,False,False,False
756,6D/12C,22,17,26,37,42,49,68,62,False,False,False
757,6D/13H,10,20,30,36,55,52,59,65,False,False,False
758,6D/13D,14,12,38,30,42,54,59,82,False,True,False
759,6D/13S,19,26,24,38,49,53,60,52,False,False,False
760,6D/13C,17,22,26,40,41,51,58,63,False,False,False
761,6D/14H,10,21,32,34,45,51,67,71,False,False,False
762,6D/14D,17,20,26,44,41,49,69,63,False,True,False
763,6D/14S,18,15,39,43,32,46,58,68,False,False,False
764,6D/14C,14,18,29,40,44,49,64,64,False,False,False
765,6S/6C,21,21,28,52,32,49,62,60,True,False,False
766,6S/7H,20,27,34,38,40,46,65,59,False,False,True
767,6S/7D,21,22,34,34,48,55,58,62,False,False,True
768,6S/7S,9,30,26,41,46,53,66,86,False,True,True
769,6S/7C,14,26,33,26,47,68,62,79,False,False,True
770,6S/8H,14,20,31,36,31,55,66,69,False,False,False
771,6S/8D,14,23,30,38,38,52,51,70,False,False,False
772,6S/8S,17,23,34,27,52,48,37,76,False,True,False
773,6S/8C,14,27,31,36,47,57,76,72,False,False,False
774,6S/9H,14,26,34,37,40,56,45,59,False,False,False
775,6S/9D,13,22,27,26,50,50,59,73,False,False,False
776,6S/9S,26,24,27,41,57,59,51,67,False,True,False
777,6S/9C,15,21,48,37,50,45,69,59,False,False,False
778,6S/10H,12,34,32,32,44,51,56,59,False,False,False
779,6S/10D,12,25,34,30,55,50,46,64,False,False,False
780,6S/10S,8,22,43,43,44,58,66,53,False,True,False
781,6S/10C,15,24,33,50,47,42,55,66,False,False,False
782,6S/11H,12,25,42,29,36,53,61,54,False,False,False
783,6S/11D,9,23,38,32,42,40,63,60,False,False,False
784,6S/11S,18,19,30,39,47,53,60,59,False,True,False
785,6S/11C,16,25,33,39,50,65,60,56,False,False,False
786,6S/12H,16,22,37,39,60,57,59,76,False,False,False
787,6S/12D,15,16,30,32,41,43,60,66,False,False,False
788,6S/12S,17,32,30,38,31,44,72,68,False,True,False
789,6S/12C,16,18,37,32,50,54,56,69,False,False,False
790,6S/13H,11,22,37,38,52,46,69,67,False,False,False
791,6S/13D,17,23,25,42,55,54,59,74,False,False,False
792,6S/13S,15,14,31,40,43,50,53,76,False,True,False
793,6S/13C,17,19,33,36,50,51,57,77,False,False,False
794,6S/14H,16,20,40,43,39,57,72,57,False,False,False
795,6S/14D,15,26,27,37,41,51,48,74,False,False,False
796,6S/14S,23,25,35,45,47,52,52,76,False,True,False
797,6S/14C,20,15,42,41,39,53,56,69,False,False,False
798,6C/7H,13,35,31,33,37,64,44,61,False,False,True
799,6C/7D,10,12,29,34,40,50,57,69,False,False,True
800,6C/7S,18,25,35,33,45,46,55,63,False,False,True
801,6C/7C,16,30,41,37,44,58,68,59,False,True,True
802,6C/8H,14,19,31,51,67,55,68,55,False,False,False
803,6C/8D,13,23,26,35,52,46,55,79,False,False,False
804,6C/8S,24,21,27,37,51,50,62,56,False,False,False
805,6C/8C,12,19,18,51,37,45,65,68,False,True,False
806,6C/9H,9,20,27,35,43,49,53,58,False,False,False
807,6C/9D,13,16,36,41,33,68,74,68,False,False,False
808,6C/9S,16,27,38,41,42,53,55,57,False,False,False
809,6C/9C,16,23,39,36,48,56,70,78,False,True,False
810,6C/10H,14,21,32,41,40,48,56,64,False,False,False
811,6C/10D,21,21,35,42,53,47,59,65,False,False,False
812,6C/10S,20,21,32,29,57,47,50,64,False,False,False
813,6C/10C,16,22,34,40,49,51,60,72,False,True,False
814,6C/11H,8,21,35,37,46,51,58,65,False,False,False
815,6C/11D,19,23,32,38,52,54,70,56,False,False,False
816,6C/11S,12,24,24,28,53,68,71,60,False,False,False
817,6C/11C,14,22,45,27,47,51,57,81,False,True,False
818,6C/12H,18,20,26,35,48,48,58,58,False,False,False
819,6C/12D,15,15,36,50,48,54,57,57,False,False,False
820,6C/12S,20,23,38,44,56,56,67,64,False,False,False
821,6C/12C,10,23,29,36,49,50,62,58,False,True,False
822,6C/13H,22,18,27,46,41,44,67,65,False,False,False
823,6C/13D,16,19,33,48,49,45,59,65,False,False,False
824,6C/13S,16,23,50,33,47,60,52,70,False,False,False
825,6C/13C,11,19,29,46,37,50,66,70,False,True,False
826,6C/14H,7,23,38,35,53,60,56,80,False,False,False
827,6C/14D,19,14,27,37,56,55,65,70,False,False,False
828,6C/14S,18,27,29,42,45,66,62,71,False,False,False
829,6C/14C,14,25,36,39,48,65,55,69,False,True,False
830,7H/7D,12,27,26,34,51,33,65,65,True,False,False
831,7H/7S,16,22,24,39,52,50,55,76,True,False,False
832,7H/7C,16,17,39,35,42,69,57,54,True,False,False
833,7H/8H,16,21,29,38,54,56,69,70,False,True,True
834,7H/8D,11,20,32,47,42,50,68,86,False,False,True
835,7H/8S,17,16,22,36,49,47,58,69,False,False,True
836,7H/8C,16,15,30,30,36,49,66,70,False,False,True
837,7H/9H,11,18,25,31,36,60,71,63,False,True,False
838,7H/9D,23,18,30,37,36,43,77,66,False,False,False
839,7H/9S,15,23,27,31,51,43,59,73,False,False,False
840,7H/9C,17,25,35,50,49,46,52,64,False,False,False
841,7H/10H,12,21,32,40,61,56,64,72,False,True,False
842,7H/10D,18,24,31,39,48,62,53,72,False,False,False
843,7H/10S,12,34,20,32,55,43,57,79,False,False,False
844,7H/10C,19,16,30,34,46,41,63,65,False,False,False
845,7H/11H,16,20,23,42,38,52,54,76,False,True,False
846,7H/11D,18,18,33,32,46,57,57,79,False,False,False
847,7H/11S,28,24,28,38,42,47,54,73,False,False,False
848,7H/11C,20,23,39,41,49,51,78,63,False,False,False
849,7H/12H,10,21,37,46,45,66,63,61,False,True,False
850,7H/12D,19,14,26,38,49,42,59,59,False,False,False
851,7H/12S,12,21,31,40,49,53,52,69,False,False,False
852,7H/12C,10,27,32,36,54,35,65,78,False,False,False
853,7H/13H,13,21,20,42,48,59,47,70,False,True,False
854,7H/13D,14,24,25,41,42,55,41,76,False,False,False
855,7H/13S,13,25,26,32,53,37,55,58,False,False,False
856,7H/13C,16,23,36,27,42,59,66,59,False,False,False
857,7H/14H,17,31,24,40,41,74,64,63,False,True,False
858,7H/14D,16,20,36,30,57,56,61,68,False,False,False
859,7H/14S,16,22,33,43,48,47,61,67,False,False,False
860,7H/14C,17,22,42,43,44,52,73,58,False,False,False
861,7D/7S,13,22,27,39,59,46,53,53,True,False,False
862,7D/7C,14,24,27,36,44,57,42,77,True,False,False
863,7D/8H,14,27,30,31,55,46,58,58,False,False,True
864,7D/8D,13,19,25,41,48,45,62,66,False,True,True
865,7D/8S,16,22,23,40,48,60,56,56,False,False,True
866,7D/8C,16,22,35,41,42,54,57,59,False,False,True
867,7D/9H,18,16,25,47,46,61,53,71,False,False,False
868,7D/9D,6,24,33,40,40,43,72,65,False,True,False
869,7D/9S,12,24,31,39,55,50,75,79,False,False,False
870,7D/9C,15,20,27,28,42,64,60,47,False,False,False
871,7D/10H,20,23,32,35,42,56,68,79,False,False,False
872,7D/10D,15,16,36,47,51,54,57,60,False,True,False
873,7D/10S,18,20,29,39,46,60,43,79,False,False,False
874,7D/10C,15,27,39,35,54,60,57,78,False,False,False
875,7D/11H,21,22,18,31,47,41,54,63,False,False,False
876,7D/11D,21,25,25,41,52,62,55,66,False,True,False
877,7D/11S,16,19,31,31,52,43,61,76,False,False,False
878,7D/11C,11,27,25,36,51,51,54,55,False,False,False
879,7D/12H,17,27,28,36,53,66,55,67,False,False,False
880,7D/12D,17,19,36,40,45,48,63,59,False,True,False
881,7D/12S,11,21,31,39,44,55,49,67,False,False,False
882,7D/12C,21,18,32,39,44,65,47,61,False,False,False
883,7D/13H,11,26,23,41,33,62,74,85,False,False,False
884,7D/13D,12,16,31,44,53,54,61,59,False,True,False
885,7D/13S,16,22,19,32,36,60,61,82,False,False,False
886,7D/13C,11,19,25,39,45,54,55,76,False,False,False
887,7D/14H,10,25,30,40,42,47,60,70,False,False,False
888,7D/14D,15,24,26,36,41,55,52,62,False,True,False
889,7D/14S,17,20,31,36,33,49,59,79,False,False,False
890,7D/14C,17,13,27,32,34,46,55,55,False,False,False
891,7S/7C,17,24,28,35,45,46,58,75,True,False,False
892,7S/8H,19,15,24,38,53,50,64,59,False,False,True
893,7S/8D,11,24,26,38,55,58,58,66,False,False,True
894,7S/8S,22,29,31,39,38,50,69,70,False,True,True
895,7S/8C,9,23,26,31,54,54,61,54,False,False,True
896,7S/9H,8,26,32,36,39,41,62,73,False,False,False
897,7S/9D,21,24,29,26,44,54,64,66,False,False,False
898,7S/9S,13,12,24,30,48,62,70,63,False,True,False
899,7S/9C,16,19,29,45,51,53,63,56,False,False,False
900,7S/10H,13,20,35,28,45,58,65,61,False,False,False
901,7S/10D,14,20,29,42,48,68,69,54,False,False,False
902,7S/10S,14,22,26,30,41,52,69,64,False,True,False
903,7S/10C,14,16,22,46,45,68,66,69,False,False,False
904,7S/11H,23,25,26,46,44,59,49,63,False,False,False
905,7S/11D,24,30,25,39,43,57,55,71,False,False,False
906,7S/11S,13,31,33,38,41,40,46,60,False,True,False
907,7S/11C,10,15,31,35,37,60,45,64,False,False,False
908,7S/12H,15,23,35,28,34,50,50,73,False,False,False
909,7S/12D,13,29,30,47,38,62,64,76,False,False,False
910,7S/12S,10,28,25,41,34,48,72,73,False,True,False
911,7S/12C,13,23,34,42,52,50,69,66,False,False,False
912,7S/13H,16,25,33,40,40,60,64,74,False,False,False
913,7S/13D,17,24,31,38,45,44,52,67,False,False,False
914,7S/13S,15,24,33,47,31,56,49,77,False,True,False
915,7S/13C,21,25,35,42,47,59,64,62,False,False,False
916,7S/14H,13,15,28,37,47,59,67,70,False,False,False
917,7S/14D,16,17,29,44,42,52,53,74,False,False,False
918,7S/14S,18,21,35,30,46,47,56,74,False,True,False
919,7S/14C,13,22,34,41,37,58,64,67,False,False,False
920,7C/8H,18,18,32,40,51,53,60,57,False,False,True
921,7C/8D,14,20,41,39,39,48,61,66,False,False,True
922,7C/8S,20,25,26,34,40,62,59,75,False,False,True
923,7C/8C,17,28,32,28,44,60,65,66,False,True,True
924,7C/9H,12,19,26,34,54,69,67,76,False,False,False
925,7C/9D,13,23,34,37,50,43,50,72,False,False,False
926,7C/9S,19,23,34,31,44,48,66,61,False,False,False
927,7C/9C,14,31,27,32,50,45,62,63,False,True,False
928,7C/10H,11,18,23,36,45,44,65,68,False,False,False
929,7C/10D,17,20,34,41,40,56,51,70,False,False,False
930,7C/10S,22,12,29,32,49,40,67,80,False,False,False
931,7C/10C,20,25,38,32,44,50,61,72,False,True,False
932,7C/11H,8,14,32,40,31,49,66,78,False,False,False
933,7C/11D,24,20,29,38,51,64,70,59,False,False,False
934,7C/11S,17,19,39,41,39,56,49,75,False,False,False
935,7C/11C,21,22,43,44,36,46,51,63,False,True,False
936,7C/12H,17,35,29,47,52,49,64,60,False,False,False
937,7C/12D,13,21,20,37,45,50,60,67,False,False,False
938,7C/12S,9,33,26,39,51,53,72,65,False,False,False
939,7C/12C,14,17,34,33,36,58,58,49,False,True,False
940,7C/13H,13,22,33,53,38,51,69,70,False,False,False
941,7C/13D,15,27,35,37,51,50,54,63,False,False,False
942,7C/13S,21,26,26,32,44,55,77,67,False,False,False
943,7C/13C,13,25,28,39,41,35,56,60,False,True,False
944,7C/14H,26,25,34,38,36,50,65,72,False,False,False
945,7C/14D,11,23,27,46,43,44,62,57,False,False,False
946,7C/14S,12,27,31,40,40,52,68,62,False,False,False
947,7C/14C,9,24,23,35,35,51,73,64,False,True,False
948,8H/8D,16,27,31,36,49,62,57,67,True,False,False
949,8H/8S,35,20,30,46,39,47,60,72,True,False,False
950,8H/8C,18,15,33,40,45,41,64,65,True,False,False
951,8H/9H,10,26,28,35,50,60,60,66,False,True,True
952,8H/9D,16,23,34,37,45,46,72,83,False,False,True
953,8H/9S,28,26,31,42,46,56,65,64,False,False,True
954,8H/9C,10,28,22,37,30,64,59,72,False,False,True
955,8H/10H,10,21,27,33,50,45,65,71,False,True,False
956,8H/10D,17,23,23,40,47,63,75,71,False,False,False
957,8H/10S,13,23,31,34,43,46,62,69,False,False,False
958,8H/10C,7,16,27,30,51,47,54,72,False,False,False
959,8H/11H,10,18,22,43,54,58,60,76,False,True,False
960,8H/11D,14,21,27,38,39,52,58,73,False,False,False
961,8H/11S,15,22,29,45,38,56,70,74,False,False,False
962,8H/11C,10,28,32,41,49,54,49,66,False,False,False
963,8H/12H,13,25,31,46,45,58,58,68,False,True,False
964,8H/12D,9,22,27,46,31,50,62,68,False,False,False
965,8H/12S,14,15,22,35,53,44,67,53,False,False,False
966,8H/12C,17,18,25,41,51,51,63,64,False,False,False
967,8H/13H,15,28,24,40,53,52,62,70,False,True,False
968,8H/13D,14,26,29,40,46,64,49,71,False,False,False
969,8H/13S,12,33,31,33,39,40,73,52,False,False,False
970,8H/13C,18,24,33,35,42,47,46,56,False,False,False
971,8H/14H,19,27,19,32,52,47,59,84,False,True,False
972,8H/14D,16,17,27,33,52,52,62,78,False,False,False
973,8H/14S,14,22,25,40,47,56,70,63,False,False,False
974,8H/14C,13,20,26,34,41,53,59,66,False,False,False
975,8D/8S,14,24,27,38,37,61,66,68,True,False,False
976,8D/8C,12,19,23,33,50,40,64,75,True,False,False
977,8D/9H,18,18,31,37,52,51,68,56,False,False,True
978,8D/9D,11,28,24,33,37,58,53,68,False,True,True
979,8D/9S,17,26,31,35,45,52,56,74,False,False,True
980,8D/9C,14,29,24,27,33,49,57,64,False,False,True
981,8D/10H,16,24,19,35,41,47,67,67,False,False,False
982,8D/10D,12,25,28,41,37,44,59,66,False,True,False
983,8D/10S,11,27,25,29,43,44,57,63,False,False,False
984,8D/10C,11,28,32,40,38,46,57,80,False,False,False
985,8D/11H,16,22,29,27,41,48,62,61,False,False,False
986,8D/11D,16,22,36,34,55,49,53,67,False,True,False
987,8D/11S,13,23,40,39,59,50,58,70,False,False,False
988,8D/11C,14,20,35,35,40,54,47,63,False,False,False
989,8D/12H,16,27,26,48,57,55,59,63,False,False,False
990,8D/12D,21,19,42,27,41,51,69,77,False,True,False
991,8D/12S,11,35,31,40,51,59,61,69,False,False,False
992,8D/12C,15,21,31,45,41,54,67,72,False,False,False
993,8D/13H,14,20,37,33,43,73,71,71,False,False,False
994,8D/13D,19,20,33,46,41,47,74,83,False,True,False
995,8D/13S,17,30,34,30,50,45,51,67,False,False,False
996,8D/13C,12,30,29,37,48,42,68,72,False,False,False
997,8D/14H,12,19,39,42,53,46,58,70,False,False,False
998,8D/14D,16,22,23,28,36,53,52,64,False,True,False
999,8D/14S,10,13,24,35,44,57,43,66,False,False,False
1000,8D/14C,17,25,43,47,47,48,73,80,False,False,False
1001,8S/8C,7,23,36,29,48,41,50,52,True,False,False
1002,8S/9H,17,20,34,54,37,55,62,61,False,False,True
1003,8S/9D,16,27,25,40,48,54,58,50,False,False,True
1004,8S/9S,14,18,32,39,44,51,52,57,False,True,True
1005,8S/9C,20,17,30,42,52,56,73,69,False,False,True
1006,8S/10H,16,19,33,38,46,61,62,66,False,False,False
1007,8S/10D,14,33,39,36,43,48,62,80,False,False,False
1008,8S/10S,17,19,27,39,49,48,58,57,False,True,False
1009,8S/10C,14,21,28,44,51,60,55,69,False,False,False
1010,8S/11H,13,19,24,37,52,62,59,67,False,False,False
1011,8S/11D,19,17,26,36,51,52,66,57,False,False,False
1012,8S/11S,13,25,30,40,51,45,61,61,False,True,False
1013,8S/11C,5,28,30,40,53,47,63,67,False,False,False
1014,8S/12H,17,28,26,33,49,52,73,79,False,False,False
1015,8S/12D,18,27,28,38,41,58,81,59,False,False,False
1016,8S/12S,14,16,32,46,50,53,79,66,False,True,False
1017,8S/12C,19,13,26,38,45,48,70,65,False,False,False
1018,8S/13H,12,24,30,41,55,57,58,66,False,False,False
1019,8S/13D,13,22,28,42,41,55,59,69,False,False,False
1020,8S/13S,19,23,20,36,39,50,57,59,False,True,False
1021,8S/13C,6,14,29,41,43,52,68,70,False,False,False
1022,8S/14H,16,15,42,24,54,46,61,63,False,False,False
1023,8S/14D,12,22,37,40,45,41,72,75,False,False,False
1024,8S/14S,17,21,35,33,41,70,61,70,False,True,False
1025,8S/14C,12,21,27,29,52,50,48,73,False,False,False
1026,8C/9H,13,22,32,42,44,63,53,60,False,False,True
1027,8C/9D,13,31,32,42,42,44,66,76,False,False,True
1028,8C/9S,19,29,31,41,48,41,63,60,False,False,True
1029,8C/9C,22,21,22,36,39,57,64,64,False,True,True
1030,8C/10H,20,23,27,33,47,59,54,60,False,False,False
1031,8C/10D,16,22,29,34,42,48,41,65,False,False,False
1032,8C/10S,19,22,41,33,40,42,55,79,False,False,False
1033,8C/10C,19,20,35,39,44,49,75,82,False,True,False
1034,8C/11H,15,17,29,43,54,51,44,78,False,False,False
1035,8C/11D,11,17,36,35,38,55,57,71,False,False,False
1036,8C/11S,19,32,37,38,38,54,73,78,False,False,False
1037,8C/11C,14,24,19,44,40,56,66,58,False,True,False
1038,8C/12H,13,17,31,34,40,56,74,72,False,False,False
1039,8C/12D,15,27,34,23,54,51,65,61,False,False,False
1040,8C/12S,13,30,27,46,47,57,56,73,False,False,False
1041,8C/12C,14,33,36,35,53,59,53,73,False,True,False
1042,8C/13H,21,20,20,48,31,64,59,71,False,False,False
1043,8C/13D,11,17,26,36,44,44,76,69,False,False,False
1044,8C/13S,7,19,44,43,53,50,69,68,False,False,False
1045,8C/13C,20,17,39,39,65,56,50,62,False,True,False
1046,8C/14H,16,19,41,31,45,70,66,69,False,False,False
1047,8C/14D,19,26,21,36,34,61,63,75,False,False,False
1048,8C/14S,14,27,28,38,60,56,49,71,False,False,False
1049,8C/14C,14,24,22,36,47,65,64,71,False,True,False
1050,9H/9D,18,22,33,24,43,47,51,73,True,False,False
1051,9H/9S,11,31,30,40,44,57,43,71,True,False,False
1052,9H/9C,19,27,24,37,42,40,62,80,True,False,False
1053,9H/10H,18,23,29,38,46,61,57,76,False,True,True
1054,9H/10D,13,25,35,45,43,63,74,69,False,False,True
1055,9H/10S,16,22,31,49,51,52,59,51,False,False,True
1056,9H/10C,14,22,27,38,52,47,75,65,False,False,True
1057,9H/11H,12,28,25,32,43,47,72,60,False,True,False
1058,9H/11D,13,26,33,40,44,63,48,62,False,False,False
1059,9H/11S,18,33,32,35,40,39,71,89,False,False,False
1060,9H/11C,13,23,35,42,43,61,52,64,False,False,False
1061,9H/12H,12,23,37,42,46,46,56,76,False,True,False
1062,9H/12D,18,28,32,41,55,48,69,61,False,False,False
1063,9H/12S,17,24,30,34,37,60,65,59,False,False,False
1064,9H/12C,15,26,20,47,50,53,59,70,False,False,False
1065,9H/13H,24,23,27,41,49,44,62,68,False,True,False
1066,9H/13D,12,21,24,48,58,65,69,71,False,False,False
1067,9H/13S,12,24,22,33,41,86,64,68,False,False,False
1068,9H/13C,12,29,25,36,29,61,59,70,False,False,False
1069,9H/14H,21,27,29,31,33,45,63,76,False,True,False
1070,9H/14D,20,22,48,36,48,49,62,77,False,False,False
1071,9H/14S,19,22,23,45,49,50,66,60,False,False,False
1072,9H/14C,19,17,18,37,39,50,54,84,False,False,False
1073,9D/9S,15,22,38,36,38,62,59,66,True,False,False
1074,9D/9C,11,24,36,33,47,46,60,59,True,False,False
1075,9D/10H,19,12,26,44,40,49,55,58,False,False,True
1076,9D/10D,13,17,24,44,44,63,56,75,False,True,True
1077,9D/10S,10,20,32,35,48,58,55,58,False,False,True
1078,9D/10C,11,17,29,29,53,63,76,61,False,False,True
1079,9D/11H,11,23,26,39,45,52,56,59,False,False,False
1080,9D/11D,15,22,32,40,52,52,41,61,False,True,False
1081,9D/11S,15,29,23,35,63,59,59,53,False,False,False
1082,9D/11C,14,31,28,41,48,47,63,61,False,False,False
1083,9D/12H,11,25,31,31,58,55,63,75,False,False,False
1084,9D/12D,16,17,39,43,37,44,61,73,False,True,False
1085,9D/12S,11,22,26,29,46,60,69,71,False,False,False
1086,9D/12C,9,14,25,39,42,39,52,61,False,False,False
1087,9D/13H,10,11,33,43,50,54,55,78,False,False,False
1088,9D/13D,23,15,30,44,41,38,56,65,False,True,False
1089,9D/13S,14,19,35,39,40,57,64,89,False,False,False
1090,9D/13C,15,21,31,39,43,51,51,72,False,False,False
1091,9D/14H,15,22,25,32,44,60,59,55,False,False,False
1092,9D/14D,20,29,29,36,50,46,56,74,False,True,False
1093,9D/14S,14,22,29,31,33,55,54,50,False,False,False
1094,9D/14C,16,34,22,45,37,49,62,63,False,False,False
1095,9S/9C,14,24,29,35,44,47,51,56,True,False,False
1096,9S/10H,18,26,21,51,47,57,59,65,False,False,True
1097,9S/10D,12,25,39,29,44,44,64,57,False,False,True
1098,9S/10S,5,23,32,36,53,55,63,52,False,True,True
1099,9S/10C,17,22,29,40,48,57,72,59,False,False,True
1100,9S/11H,12,23,29,36,35,40,62,68,False,False,False
1101,9S/11D,13,26,30,49,47,56,67,61,False,False,False
1102,9S/11S,15,21,27,31,40,43,62,69,False,True,False
1103,9S/11C,17,21,29,43,43,54,48,70,False,False,False
1104,9S/12H,8,25,24,32,50,47,57,66,False,False,False
1105,9S/12D,11,27,25,40,42,40,54,58,False,False,False
1106,9S/12S,16,28,29,37,46,56,49,71,False,True,False
1107,9S/12C,13,19,26,32,33,55,77,48,False,False,False
1108,9S/13H,9,28,23,45,44,56,68,82,False,False,False
1109,9S/13D,22,29,22,37,47,64,70,65,False,False,False
1110,9S/13S,12,27,30,31,42,46,58,83,False,True,False
1111,9S/13C,13,23,26,35,43,52,80,67,False,False,False
1112,9S/14H,21,21,28,42,48,50,54,78,False,False,False
1113,9S/14D,12,26,32,52,45,60,67,73,False,False,False
1114,9S/14S,14,24,16,36,44,45,56,62,False,True,False
1115,9S/14C,13,31,32,38,46,56,68,65,False,False,False
1116,9C/10H,16,17,21,51,36,50,49,77,False,False,True
1117,9C/10D,10,23,30,36,50,53,55,67,False,False,True
1118,9C/10S,16,19,37,36,45,56,54,65,False,False,True
1119,9C/10C,11,21,34,41,38,48,62,74,False,True,True
1120,9C/11H,13,19,27,31,48,55,80,52,False,False,False
1121,9C/11D,15,21,22,33,52,57,68,69,False,False,False
1122,9C/11S,14,21,28,42,55,59,59,86,False,False,False
1123,9C/11C,13,17,36,38,41,39,65,70,False,True,False
1124,9C/12H,13,24,21,48,38,41,71,65,False,False,False
1125,9C/12D,20,22,30,33,38,52,47,70,False,False,False
1126,9C/12S,21,15,20,34,51,61,63,57,False,False,False
1127,9C/12C,20,16,25,38,41,49,61,85,False,True,False
1128,9C/13H,21,17,24,28,40,60,65,67,False,False,False
1129,9C/13D,18,19,29,36,42,54,61,73,False,False,False
1130,9C/13S,11,21,32,35,33,43,63,80,False,False,False
1131,9C/13C,17,24,24,27,50,55,58,68,False,True,False
1132,9C/14H,19,26,18,32,51,43,63,83,False,False,False
1133,9C/14D,24,20,34,38,44,44,54,49,False,False,False
1134,9C/14S,15,32,40,44,42,63,59,75,False,False,False
1135,9C/14C,12,22,29,39,48,47,62,62,False,True,False
1136,10H/10D,19,28,35,40,38,42,68,64,True,False,False
1137,10H/10S,18,22,25,38,51,60,69,74,True,False,False
1138,10H/10C,10,20,28,29,41,55,63,63,True,False,False
1139,10H/11H,28,22,30,38,55,47,58,75,False,True,True
1140,10H/11D,16,15,24,36,45,55,67,52,False,False,True
1141,10H/11S,16,26,28,46,44,52,47,69,False,False,True
1142,10H/11C,9,9,28,42,57,56,60,79,False,False,True
1143,10H/12H,12,24,18,36,55,58,57,71,False,True,False
1144,10H/12D,18,17,26,36,53,50,60,63,False,False,False
1145,10H/12S,14,14,25,36,51,49,70,64,False,False,False
1146,10H/12C,20,17,30,36,39,44,52,56,False,False,False
1147,10H/13H,19,25,27,36,55,56,54,70,False,True,False
1148,10H/13D,19,22,33,40,50,60,45,78,False,False,False
1149,10H/13S,11,22,32,32,46,50,78,68,False,False,False
1150,10H/13C,14,23,31,34,52,58,56,75,False,False,False
1151,10H/14H,19,23,26,48,42,67,50,69,False,True,False
1152,10H/14D,12,32,25,33,52,51,51,63,False,False,False
1153,10H/14S,19,21,23,44,47,56,70,53,False,False,False
1154,10H/14C,11,18,27,38,58,51,63,76,False,False,False
1155,10D/10S,14,26,29,44,55,61,52,65,True,False,False
1156,10D/10C,12,22,42,41,45,59,66,73,True,False,False
1157,10D/11H,13,23,30,36,34,44,63,66,False,False,True
1158,10D/11D,13,18,24,46,47,52,57,67,False,True,True
1159,10D/11S,18,13,30,40,44,52,66,80,False,False,True
1160,10D/11C,12,22,26,33,38,58,48,56,False,False,True
1161,10D/12H,13,22,34,36,52,42,64,73,False,False,False
1162,10D/12D,17,26,31,39,47,50,49,64,False,True,False
1163,10D/12S,12,21,43,52,60,57,59,81,False,False,False
1164,10D/12C,16,17,26,44,50,43,54,78,False,False,False
1165,10D/13H,12,20,36,31,41,49,65,67,False,False,False
1166,10D/13D,19,25,37,33,41,61,47,74,False,True,False
1167,10D/13S,15,27,37,40,44,69,73,69,False,False,False
1168,10D/13C,16,23,20,31,34,45,58,84,False,False,False
1169,10D/14H,17,28,33,40,51,52,76,72,False,False,False
1170,10D/14D,7,24,17,27,43,56,68,64,False,True,False
1171,10D/14S,13,16,45,38,49,68,67,62,False,False,False
1172,10D/14C,16,26,28,35,44,57,47,56,False,False,False
1173,10S/10C,14,30,25,38,36,39,47,75,True,False,False
1174,10S/11H,11,25,35,47,47,69,61,70,False,False,True
1175,10S/11D,12,25,27,35,62,67,66,66,False,False,True
1176,10S/11S,20,19,23,34,43,58,66,62,False,True,True
1177,10S/11C,10,19,28,41,46,53,83,71,False,False,True
1178,10S/12H,17,22,27,32,48,68,64,64,False,False,False
1179,10S/12D,20,17,35,37,34,48,60,66,False,False,False
1180,10S/12S,15,25,35,42,29,53,59,71,False,True,False
1181,10S/12C,18,25,22,40,35,58,61,59,False,False,False
1182,10S/13H,17,26,32,39,52,53,53,64,False,False,False
1183,10S/13D,13,28,28,36,39,54,50,71,False,False,False
1184,10S/13S,10,24,31,42,41,59,56,61,False,True,False
1185,10S/13C,10,20,26,28,41,50,71,77,False,False,False
1186,10S/14H,17,20,40,32,46,52,54,62,False,False,False
1187,10S/14D,16,23,28,33,43,46,55,72,False,False,False
1188,10S/14S,18,20,31,33,40,43,62,90,False,True,False
1189,10S/14C,11,22,27,40,41,54,48,59,False,False,False
1190,10C/11H,21,17,29,43,42,34,57,72,False,False,True
1191,10C/11D,9,24,31,32,46,43,62,56,False,False,True
1192,10C/11S,15,28,30,39,38,58,66,71,False,False,True
1193,10C/11C,14,19,32,42,31,64,59,51,False,True,True
1194,10C/12H,13,28,29,52,44,51,65,59,False,False,False
1195,10C/12D,12,16,29,33,45,53,70,52,False,False,False
1196,10C/12S,25,21,32,37,56,55,66,76,False,False,False
1197,10C/12C,20,21,44,26,60,61,81,49,False,True,False
1198,10C/13H,16,21,40,37,45,72,74,62,False,False,False
1199,10C/13D,15,25,24,33,50,51,47,70,False,False,False
1200,10C/13S,15,24,27,45,29,43,59,75,False,False,False
1201,10C/13C,15,21,32,43,34,44,47,71,False,True,False
1202,10C/14H,16,28,34,33,21,49,59,67,False,False,False
1203,10C/14D,14,27,26,44,45,47,49,70,False,False,False
1204,10C/14S,13,21,27,32,45,57,52,69,False,False,False
1205,10C/14C,14,26,26,27,46,56,64,43,False,True,False
1206,11H/11D,17,26,24,28,52,44,73,62,True,False,False
1207,11H/11S,19,21,34,31,55,49,58,77,True,False,False
1208,11H/11C,15,28,27,40,42,52,55,58,True,False,False
1209,11H/12H,14,21,28,47,46,55,57,66,False,True,True
1210,11H/12D,12,26,40,36,40,53,69,62,False,False,True
1211,11H/12S,16,20,31,58,43,49,62,70,False,False,True
1212,11H/12C,17,18,29,34,35,65,65,79,False,False,True
1213,11H/13H,21,16,22,35,48,54,55,65,False,True,False
1214,11H/13D,14,21,24,49,54,66,53,61,False,False,False
1215,11H/13S,10,24,33,38,52,55,45,71,False,False,False
1216,11H/13C,20,25,22,51,40,53,48,65,False,False,False
1217,11H/14H,16,24,27,40,43,49,54,70,False,True,False
1218,11H/14D,10,22,34,40,47,44,58,63,False,False,False
1219,11H/14S,15,26,27,51,28,60,54,80,False,False,False
1220,11H/14C,9,30,41,51,43,57,62,59,False,False,False
1221,11D/11S,13,20,33,31,49,59,62,58,True,False,False
1222,11D/11C,12,24,24,38,41,53,65,72,True,False,False
1223,11D/12H,16,23,38,38,37,52,70,50,False,False,True
1224,11D/12D,19,22,28,42,39,48,59,67,False,True,True
1225,11D/12S,7,20,16,39,55,44,51,61,False,False,True
1226,11D/12C,19,17,32,39,47,51,66,84,False,False,True
1227,11D/13H,18,20,32,32,49,60,58,57,False,False,False
1228,11D/13D,12,18,27,41,47,54,64,75,False,True,False
1229,11D/13S,18,27,26,32,52,40,67,55,False,False,False
1230,11D/13C,12,20,26,30,51,49,63,73,False,False,False
1231,11D/14H,13,18,40,33,53,47,47,67,False,False,False
1232,11D/14D,16,16,31,39,40,49,63,66,False,True,False
1233,11D/14S,10,19,34,43,39,53,57,64,False,False,False
1234,11D/14C,22,21,24,41,53,58,64,61,False,False,False
1235,11S/11C,21,32,34,43,46,50,63,68,True,False,False
1236,11S/12H,13,18,24,34,48,59,54,71,False,False,True
1237,11S/12D,19,16,28,41,40,44,51,74,False,False,True
1238,11S/12S,20,25,30,36,49,60,56,65,False,True,True
1239,11S/12C,14,20,31,27,40,40,60,66,False,False,True
1240,11S/13H,13,30,26,42,57,62,54,68,False,False,False
1241,11S/13D,15,28,31,31,36,62,61,61,False,False,False
1242,11S/13S,16,17,32,46,44,45,63,76,False,True,False
1243,11S/13C,21,18,36,47,36,62,60,77,False,False,False
1244,11S/14H,14,21,39,24,39,58,69,73,False,False,False
1245,11S/14D,12,19,40,36,42,53,75,67,False,False,False
1246,11S/14S,19,20,25,42,41,34,56,70,False,True,False
1247,11S/14C,10,27,29,42,23,58,46,71,False,False,False
1248,11C/12H,14,22,35,42,42,58,50,75,False,False,True
1249,11C/12D,12,34,29,33,34,51,67,71,False,False,True
1250,11C/12S,13,24,25,31,44,52,73,69,False,False,True
1251,11C/12C,15,23,23,37,44,55,63,78,False,True,True
1252,11C/13H,12,29,24,33,58,47,56,65,False,False,False
1253,11C/13D,16,34,28,31,35,47,56,53,False,False,False
1254,11C/13S,19,22,29,48,47,54,48,67,False,False,False
1255,11C/13C,11,17,26,41,48,47,71,74,False,True,False
1256,11C/14H,12,29,31,39,30,60,55,79,False,False,False
1257,11C/14D,18,20,20,40,43,48,68,65,False,False,False
1258,11C/14S,10,21,31,43,49,62,70,65,False,False,False
1259,11C/14C,19,22,22,36,52,44,60,82,False,True,False
1260,12H/12D,10,21,29,43,52,47,62,62,True,False,False
1261,12H/12S,9,29,35,37,33,56,61,78,True,False,False
1262,12H/12C,15,25,34,36,43,47,63,72,True,False,False
1263,12H/13H,14,26,32,45,55,47,57,65,False,True,True
1264,12H/13D,12,22,28,37,48,42,75,65,False,False,True
1265,12H/13S,21,23,23,41,58,60,56,58,False,False,True
1266,12H/13C,15,20,21,38,34,58,62,59,False,False,True
1267,12H/14H,18,25,33,41,40,49,51,66,False,True,False
1268,12H/14D,21,29,34,35,48,60,55,61,False,False,False
1269,12H/14S,14,18,35,28,40,61,53,66,False,False,False
1270,12H/14C,11,17,21,46,50,58,54,72,False,False,False
1271,12D/12S,12,32,39,34,38,47,66,77,True,False,False
1272,12D/12C,17,22,27,35,48,58,63,70,True,False,False
1273,12D/13H,11,36,29,43,33,64,52,71,False,False,True
1274,12D/13D,18,20,33,45,49,50,56,71,False,True,True
1275,12D/13S,7,26,31,36,53,53,51,82,False,False,True
1276,12D/13C,11,19,30,41,51,48,63,83,False,False,True
1277,12D/14H,21,25,30,35,41,43,71,58,False,False,False
1278,12D/14D,15,24,29,54,38,50,60,67,False,True,False
1279,12D/14S,14,22,35,37,57,64,52,66,False,False,False
1280,12D/14C,14,27,33,29,50,44,53,61,False,False,False
1281,12S/12C,17,21,30,34,44,68,62,71,True,False,False
1282,12S/13H,13,29,20,36,53,48,63,78,False,False,True
1283,12S/13D,11,23,27,45,51,45,60,68,False,False,True
1284,12S/13S,18,13,23,32,54,59,67,64,False,True,True
1285,12S/13C,16,21,36,34,38,67,60,61,False,False,True
1286,12S/14H,16,23,29,37,38,50,54,56,False,False,False
1287,12S/14D,10,25,29,40,40,46,58,57,False,False,False
1288,12S/14S,16,18,33,38,41,57,51,75,False,True,False
1289,12S/14C,8,22,37,32,41,51,46,73,False,False,False
1290,12C/13H,22,27,29,39,42,53,52,72,False,False,True
1291,12C/13D,15,18,33,28,51,37,69,68,False,False,True
1292,12C/13S,18,23,39,49,47,50,71,71,False,False,True
1293,12C/13C,11,27,21,37,49,48,71,71,False,True,True
1294,12C/14H,14,21,31,36,42,54,60,78,False,False,False
1295,12C/14D,18,29,32,33,44,58,60,62,False,False,False
1296,12C/14S,17,24,30,35,47,49,50,65,False,False,False
1297,12C/14C,21,29,26,23,51,54,48,64,False,True,False
1298,13H/13D,15,22,29,35,34,57,61,65,True,False,False
1299,13H/13S,13,29,27,37,47,55,49,64,True,False,False
1300,13H/13C,17,25,28,36,52,55,72,69,True,False,False
1301,13H/14H,15,25,35,30,51,56,48,58,False,True,True
1302,13H/14D,22,21,33,32,46,61,61,78,False,False,True
1303,13H/14S,13,34,31,47,52,54,46,64,False,False,True
1304,13H/14C,9,33,24,39,52,52,57,77,False,False,True
1305,13D/13S,11,21,21,39,38,67,68,79,True,False,False
1306,13D/13C,15,30,29,36,53,46,49,75,True,False,False
1307,13D/14H,21,21,31,39,48,47,62,63,False,False,True
1308,13D/14D,17,27,37,38,39,58,57,60,False,True,True
1309,13D/14S,12,22,34,52,46,49,67,71,False,False,True
1310,13D/14C,13,27,29,42,45,60,65,77,False,False,True
1311,13S/13C,9,29,32,35,48,43,65,57,True,False,False
1312,13S/14H,14,24,25,38,34,53,57,69,False,False,True
1313,13S/14D,21,19,20,33,41,46,58,63,False,False,True
1314,13S/14S,15,18,28,39,43,68,55,68,False,True,True
1315,13S/14C,17,31,36,44,55,57,57,71,False,False,True
1316,13C/14H,22,22,41,33,41,47,65,76,False,False,True
1317,13C/14D,9,21,33,41,54,45,75,63,False,False,True
1318,13C/14S,10,20,35,35,53,53,59,68,False,False,True
1319,13C/14C,21,23,29,45,59,48,55,78,False,True,True
1320,14H/14D,14,21,28,40,43,51,54,73,True,False,False
1321,14H/14S,13,25,29,37,43,45,64,65,True,False,False
1322,14H/14C,11,30,38,41,41,49,62,62,True,False,False
1323,14D/14S,9,21,32,38,42,48,55,64,True,False,False
1324,14D/14C,13,23,33,31,44,56,47,73,True,False,False
1325,14S/14C,23,25,34,39,41,50,50,82,True,False,False
